<application>
  <component name="MaterialThemeNewConfig">
    <option name="accentState">
      <MTAccentConfigState>
        <option name="accentColorHex" value="009688" />
      </MTAccentConfigState>
    </option>
    <option name="contrastState">
      <MTContrastConfigState>
        <option name="contrastMode" value="true" />
      </MTContrastConfigState>
    </option>
    <option name="metadata">
      <MTMetadataState>
        <option name="allowDataCollection" value="true" />
        <option name="pristineConfig" value="false" />
        <option name="userId" value="52cc3bc1:18f59604daa:-8000" />
        <option name="version" value="9.2.1" />
        <option name="wizardShown" value="true" />
      </MTMetadataState>
    </option>
  </component>
</application>