<keymap version="1" name="Custom Sublime" parent="Sublime Text (Mac OS X)">
  <action id="ActivateBookmarksToolWindow" />
  <action id="ActivateCommitToolWindow">
    <keyboard-shortcut first-keystroke="meta 0" />
    <keyboard-shortcut first-keystroke="shift meta c" />
  </action>
  <action id="ActivateFindToolWindow">
    <keyboard-shortcut first-keystroke="meta 7" />
  </action>
  <action id="ActivateProblemsViewToolWindow">
    <keyboard-shortcut first-keystroke="meta 4" />
  </action>
  <action id="ActivateRunToolWindow">
    <keyboard-shortcut first-keystroke="meta 6" />
  </action>
  <action id="ActivateStructureToolWindow">
    <keyboard-shortcut first-keystroke="meta 3" />
  </action>
  <action id="ActivateTODOToolWindow">
    <keyboard-shortcut first-keystroke="meta 2" />
  </action>
  <action id="ActivateTerminalToolWindow">
    <keyboard-shortcut first-keystroke="alt f12" />
    <keyboard-shortcut first-keystroke="shift meta t" />
  </action>
  <action id="ActivateVersionControlToolWindow">
    <keyboard-shortcut first-keystroke="shift meta g" />
  </action>
  <action id="Console.TableResult.CopyAggregatorResult" />
  <action id="CopyAbsolutePath" />
  <action id="CopyPaths" />
  <action id="DuplicatesForm.SendToRight" />
  <action id="EditorAddCaretPerSelectedLine">
    <keyboard-shortcut first-keystroke="shift meta l" />
  </action>
  <action id="FileChooser.GotoModule" />
  <action id="FileChooser.GotoProject" />
  <action id="FindPrevious" />
  <action id="ReopenClosedTab" />
  <action id="ServiceView.ShowServices" />
  <action id="WelcomeScreen.CopyProjectPath" />
  <action id="org.intellij.plugins.markdown.ui.actions.styling.ToggleCodeSpanAction" />
</keymap>